﻿numero_processo,numero_formatado,classe,assuntos,data_ajuizamento,data_ultima_atualizacao,tem_transito_julgado,data_transito_julgado,tem_baixa_definitiva,data_baixa_definitiva
00045155520238160130,0004515-55.2023.8.16.0130,Agravo em Recurso Especial,Indenização por Dano Moral,21/01/2026,22/06/2026 15:31,Sim,26/05/2026 13:33,Sim,26/05/2026 13:33
00014448520248160170,0001444-85.2024.8.16.0170,Agravo em Recurso Especial,Cartão de Crédito | Práticas Abusivas | Indenização por Dano Moral | Dever de Informação,07/04/2026,22/06/2026 15:21,Sim,16/06/2026 14:43,Sim,16/06/2026 14:43
00012062120088160043,0001206-21.2008.8.16.0043,Agravo em Recurso Especial,Fato Atípico,17/04/2026,22/06/2026 15:23,Sim,27/05/2026 15:43,Sim,27/05/2026 15:43
00006120220238160004,0000612-02.2023.8.16.0004,Agravo em Recurso Especial,Aposentadoria Especial (Art. 57/8),19/03/2026,22/06/2026 15:23,Sim,09/06/2026 17:23,Sim,09/06/2026 17:23
00135384520188160083,0013538-45.2018.8.16.0083,Agravo em Recurso Especial,Nota Promissória,27/07/2021,22/06/2026 15:27,Sim,03/06/2026 15:53,Sim,03/06/2026 15:53
00029849620248160000,0002984-96.2024.8.16.0000,Recurso Especial,Inventário e Partilha,24/09/2024,22/06/2026 15:27,Sim,03/06/2026 14:36,Sim,03/06/2026 14:36
00382889320238160000,0038288-93.2023.8.16.0000,Recurso Especial,Contratos Bancários,08/03/2024,22/06/2026 15:15,Sim,16/06/2026 17:43,Sim,16/06/2026 17:43
00165178820258160000,0016517-88.2025.8.16.0000,Agravo em Recurso Especial,Indenização por Dano Moral,09/03/2026,22/06/2026 14:59,Sim,19/06/2026 15:33,Sim,19/06/2026 15:33
00269297820258160000,0026929-78.2025.8.16.0000,Recurso Ordinário em Mandado de Segurança,Prova Oral,13/04/2026,22/06/2026 14:59,Sim,16/06/2026 15:23,Sim,16/06/2026 15:23
00019302420228160014,0001930-24.2022.8.16.0014,Agravo em Recurso Especial,Furto Qualificado,07/04/2026,22/06/2026 15:01,Sim,15/06/2026 13:33,Sim,15/06/2026 13:33
00268449720228160000,0026844-97.2022.8.16.0000,Agravo em Recurso Especial,Contratos Bancários,20/07/2023,22/06/2026 15:02,Sim,29/05/2026 15:03,Sim,29/05/2026 15:03
00156417220188160035,0015641-72.2018.8.16.0035,Agravo em Recurso Especial,Troca ou Permuta,01/09/2025,22/06/2026 15:03,Sim,29/05/2026 16:03,Sim,29/05/2026 16:03
00016747220158160064,0001674-72.2015.8.16.0064,Agravo em Recurso Especial,Homicídio Qualificado | Crime Tentado,15/05/2025,22/06/2026 15:05,Sim,09/06/2026 09:50,Sim,09/06/2026 09:50
00012218320238160133,0001221-83.2023.8.16.0133,Agravo em Recurso Especial,Cheque,08/12/2025,22/06/2026 15:05,Sim,28/05/2026 14:03,Sim,28/05/2026 14:03
00269176420258160000,0026917-64.2025.8.16.0000,Recurso Ordinário em Mandado de Segurança,Prova Oral,24/04/2026,22/06/2026 15:07,Sim,16/06/2026 19:53,Sim,16/06/2026 19:53
00054324320208160045,0005432-43.2020.8.16.0045,Agravo em Recurso Especial,Acidente de Trânsito,20/03/2026,22/06/2026 15:07,Sim,12/06/2026 14:23,Sim,12/06/2026 14:23
00074452420188160194,0007445-24.2018.8.16.0194,Agravo em Recurso Especial,Dever de Informação,20/07/2023,22/06/2026 15:08,Sim,29/05/2026 16:33,Sim,29/05/2026 16:33
00331877220238160001,0033187-72.2023.8.16.0001,Agravo em Recurso Especial,Cédula de Crédito Bancário,10/11/2025,22/06/2026 14:26,Sim,16/06/2026 16:13,Sim,16/06/2026 16:13
00034904520198160098,0003490-45.2019.8.16.0098,Recurso Especial,Preconceituosa,17/12/2025,22/06/2026 14:29,Sim,08/06/2026 11:27,Sim,08/06/2026 11:27
00013336120048160119,0001333-61.2004.8.16.0119,Agravo em Recurso Especial,Nota Promissória,24/02/2026,22/06/2026 14:29,Sim,28/05/2026 14:33,Sim,28/05/2026 14:33
00269952620238160001,0026995-26.2023.8.16.0001,Agravo em Recurso Especial,Prestação de Serviços | Honorários Advocatícios | Tutela Inibitória (Obrigação de Fazer e Não Fazer) | Planos de saúde,14/10/2024,22/06/2026 14:33,Sim,28/05/2026 16:13,Sim,28/05/2026 16:13
00001944020238160206,0000194-40.2023.8.16.0206,Agravo em Recurso Especial,Fornecimento de medicamentos | Indenização por Dano Moral,31/10/2025,22/06/2026 14:34,Sim,01/06/2026 15:03,Sim,01/06/2026 15:03
00169553420238160017,0016955-34.2023.8.16.0017,Agravo em Recurso Especial,Rescisão / Resolução,22/04/2026,22/06/2026 14:35,Sim,02/06/2026 17:03,Sim,02/06/2026 17:03
00141136420258160000,0014113-64.2025.8.16.0000,Agravo em Recurso Especial,Prestação de Serviços | Honorários Advocatícios,16/03/2026,22/06/2026 14:35,Sim,27/05/2026 13:23,Sim,27/05/2026 13:23
00013685420208160153,0001368-54.2020.8.16.0153,Recurso Especial,Seguro,16/10/2025,22/06/2026 14:43,Sim,10/06/2026 15:53,Sim,10/06/2026 15:53
00044530220158160031,0004453-02.2015.8.16.0031,Recurso Especial,Dívida Ativa (Execução Fiscal) | ICMS/ Imposto sobre Circulação de Mercadorias,17/03/2021,22/06/2026 14:54,Sim,25/05/2026 18:23,Sim,25/05/2026 18:23
00314444020178160000,0031444-40.2017.8.16.0000,Recurso Especial,Locação de Imóvel,19/03/2021,22/06/2026 14:54,Sim,16/06/2026 15:53,Sim,16/06/2026 15:53
00011616220208160086,0001161-62.2020.8.16.0086,Agravo em Recurso Especial,"Defeito, nulidade ou anulação | Doação",06/10/2025,22/06/2026 14:55,Sim,27/05/2026 13:13,Sim,27/05/2026 13:13
00147891220258160000,0014789-12.2025.8.16.0000,Recurso Especial,Tráfico de Drogas e Condutas Afins | Aplicação da Pena,24/02/2026,22/06/2026 14:19,Sim,19/06/2026 14:13,Sim,19/06/2026 14:13
00080211420188160001,0008021-14.2018.8.16.0001,Agravo em Recurso Especial,Locação de Imóvel,02/03/2026,22/06/2026 14:23,Sim,26/05/2026 11:08,Sim,26/05/2026 11:08
00154298020238160001,0015429-80.2023.8.16.0001,Agravo em Recurso Especial,Práticas Abusivas,29/04/2026,22/06/2026 14:23,Sim,16/06/2026 16:53,Sim,16/06/2026 16:53
00064702420238160130,0006470-24.2023.8.16.0130,Agravo em Recurso Especial,Práticas Abusivas | Tutela de Urgência,25/11/2025,19/06/2026 17:11,Sim,29/05/2026 17:43,Sim,29/05/2026 17:43
40037680620258164321,4003768-06.2025.8.16.4321,Recurso Especial,Pena Privativa de Liberdade | Crimes de Trânsito | Intimação,07/04/2026,19/06/2026 17:22,Sim,09/06/2026 16:53,Sim,09/06/2026 16:53
01041553320238160000,0104155-33.2023.8.16.0000,Agravo em Recurso Especial,Arrendamento Mercantil,15/10/2024,19/06/2026 15:00,Sim,29/05/2026 17:03,Sim,29/05/2026 17:03
00299808920248160014,0029980-89.2024.8.16.0014,Recurso Especial,Indenização por Dano Moral | Repetição do Indébito,17/03/2026,19/06/2026 15:13,Sim,02/06/2026 14:13,Sim,02/06/2026 14:13
00102873220228160001,0010287-32.2022.8.16.0001,Recurso Especial,Pagamento em Consignação,15/10/2024,19/06/2026 15:41,Sim,16/06/2026 18:43,Sim,16/06/2026 18:43
00029608120228160083,0002960-81.2022.8.16.0083,Agravo em Recurso Especial,PIS/PASEP | Indenização por Dano Material,17/12/2025,19/06/2026 15:51,Sim,27/05/2026 14:25,Sim,27/05/2026 14:25
00079595220108160001,0007959-52.2010.8.16.0001,Agravo em Recurso Especial,Condomínio,17/02/2023,19/06/2026 16:01,Sim,29/05/2026 14:53,Sim,29/05/2026 14:53
01336031720248160000,0133603-17.2024.8.16.0000,Agravo em Recurso Especial,Seguro | Cláusulas Abusivas | Cumprimento Provisório de Sentença,02/10/2025,19/06/2026 16:30,Sim,16/06/2026 18:13,Sim,16/06/2026 18:13
00106387520238160031,0010638-75.2023.8.16.0031,Agravo em Recurso Especial,Controle de Constitucionalidade | Nulidade - Intimação Sem Observância das Prescrições Legais,24/10/2025,19/06/2026 12:11,Sim,11/06/2026 15:33,Sim,11/06/2026 15:33
00029487520128160129,0002948-75.2012.8.16.0129,Agravo em Recurso Especial,Indenização por Dano Ambiental,30/03/2026,19/06/2026 12:20,Sim,02/06/2026 14:23,Sim,02/06/2026 14:23
00457913420248160000,0045791-34.2024.8.16.0000,Agravo em Recurso Especial,Indenização por Dano Material | Seguro,08/04/2026,19/06/2026 12:20,Sim,16/06/2026 17:43,Sim,16/06/2026 17:43
01090621720248160000,0109062-17.2024.8.16.0000,Agravo em Recurso Especial,Contratos Bancários,14/11/2025,19/06/2026 12:50,Sim,25/05/2026 15:43,Sim,25/05/2026 15:43
00542681220258160000,0054268-12.2025.8.16.0000,Agravo em Recurso Especial,Contratos Bancários | Cédula de Crédito Industrial,09/03/2026,19/06/2026 13:21,Sim,15/06/2026 16:23,Sim,15/06/2026 16:23
00053949520228160001,0005394-95.2022.8.16.0001,Agravo em Recurso Especial,Contratos Bancários,07/11/2025,19/06/2026 13:32,Sim,16/06/2026 13:33,Sim,16/06/2026 13:33
00586626720228160000,0058662-67.2022.8.16.0000,Agravo em Recurso Especial,Indenização por Dano Material | Execução - Cumprimento de Sentença | Dever de Informação | Causas Supervenientes à Sentença,12/07/2024,19/06/2026 13:32,Sim,29/05/2026 14:33,Sim,29/05/2026 14:33
00517334720248160000,0051733-47.2024.8.16.0000,Agravo em Recurso Especial,Concurso de Credores,06/02/2026,19/06/2026 14:01,Sim,03/06/2026 14:13,Sim,03/06/2026 14:13
00253430620258160000,0025343-06.2025.8.16.0000,Agravo em Recurso Especial,Prestação de Serviços,28/01/2026,19/06/2026 14:13,Sim,29/05/2026 18:13,Sim,29/05/2026 18:13
00395226820238160014,0039522-68.2023.8.16.0014,Agravo em Recurso Especial,Cobrança | Honorários Advocatícios,15/09/2025,19/06/2026 14:13,Sim,16/06/2026 19:03,Sim,16/06/2026 19:03
00032611720208160174,0003261-17.2020.8.16.0174,Agravo em Recurso Especial,Crimes do Sistema Nacional de Armas,01/04/2026,17/06/2026 15:20,Sim,09/06/2026 13:43,Sim,09/06/2026 13:43
00035305120148160179,0003530-51.2014.8.16.0179,Agravo em Recurso Especial,Promessa de Compra e Venda | Prescrição e Decadência | Corretagem | Atraso na Entrega do Imóvel,17/01/2022,17/06/2026 15:30,Sim,27/05/2026 16:03,Sim,27/05/2026 16:03
00025190620198160019,0002519-06.2019.8.16.0019,Agravo em Recurso Especial,Compra e Venda,20/01/2025,17/06/2026 15:30,Sim,29/05/2026 13:53,Sim,29/05/2026 13:53
00133333920168160001,0013333-39.2016.8.16.0001,Agravo em Recurso Especial,Compra e Venda,22/10/2024,17/06/2026 15:50,Sim,16/06/2026 13:13,Sim,16/06/2026 13:13
00026494520148160124,0002649-45.2014.8.16.0124,Agravo em Recurso Especial,Indenização por Dano Moral,04/12/2024,17/06/2026 16:10,Sim,26/05/2026 13:03,Sim,26/05/2026 13:03
00030174820248160045,0003017-48.2024.8.16.0045,Agravo em Recurso Especial,Cédula de Crédito Bancário,23/03/2026,17/06/2026 16:20,Sim,03/06/2026 15:33,Sim,03/06/2026 15:33
00417855220228160000,0041785-52.2022.8.16.0000,Recurso Especial,Cobrança de Aluguéis - Sem despejo,09/06/2025,17/06/2026 16:20,Sim,28/05/2026 13:33,Sim,28/05/2026 13:33
00715073420228160000,0071507-34.2022.8.16.0000,Agravo em Recurso Especial,Cédula de Crédito Bancário,26/03/2026,17/06/2026 16:33,Sim,28/05/2026 17:43,Sim,28/05/2026 17:43
00002430520228160081,0000243-05.2022.8.16.0081,Agravo em Recurso Especial,Crimes de Trânsito | Desobediência | Desacato | Ameaça,02/03/2026,17/06/2026 16:40,Sim,28/05/2026 15:23,Sim,28/05/2026 15:23
00263341620248160000,0026334-16.2024.8.16.0000,Agravo em Recurso Especial,Indenização por Dano Moral,31/03/2026,17/06/2026 16:50,Sim,02/06/2026 16:43,Sim,02/06/2026 16:43
00024871920238160097,0002487-19.2023.8.16.0097,Agravo em Recurso Especial,Rescisão do contrato e devolução do dinheiro | Indenização por Dano Material | Indenização por Dano Moral,19/02/2026,17/06/2026 17:00,Sim,09/06/2026 11:07,Sim,09/06/2026 11:07
00030853320248160001,0003085-33.2024.8.16.0001,Agravo em Recurso Especial,Alienação Fiduciária,17/04/2026,17/06/2026 18:10,Sim,11/06/2026 13:53,Sim,11/06/2026 13:53
00003119519958160017,0000311-95.1995.8.16.0017,Agravo em Recurso Especial,Cédula de Crédito Industrial,09/03/2026,17/06/2026 18:11,Sim,28/05/2026 18:03,Sim,28/05/2026 18:03
00008630720228160052,0000863-07.2022.8.16.0052,Agravo em Recurso Especial,Tráfico de Drogas e Condutas Afins,16/01/2026,17/06/2026 18:12,Sim,11/06/2026 13:43,Sim,11/06/2026 13:43
00158873220258160000,0015887-32.2025.8.16.0000,Agravo em Recurso Especial,Indenização por Dano Moral,09/03/2026,17/06/2026 18:20,Sim,11/06/2026 14:33,Sim,11/06/2026 14:33
00101701020238160000,0010170-10.2023.8.16.0000,Recurso Especial,Promessa de Compra e Venda | Legitimidade Ativa e Passiva | Honorários Advocatícios,21/07/2025,17/06/2026 19:11,Sim,09/06/2026 17:03,Sim,09/06/2026 17:03
00125260720258160000,0012526-07.2025.8.16.0000,Agravo em Recurso Especial,Nota Promissória,11/03/2026,17/06/2026 19:50,Sim,10/06/2026 14:23,Sim,10/06/2026 14:23
00008693420228160110,0000869-34.2022.8.16.0110,Agravo em Recurso Especial,Indenização por Dano Material,13/03/2026,17/06/2026 19:50,Sim,26/05/2026 17:43,Sim,26/05/2026 17:43
00009363820118160060,0000936-38.2011.8.16.0060,Agravo em Recurso Especial,Seguro,16/03/2026,17/06/2026 19:50,Sim,10/06/2026 14:03,Sim,10/06/2026 14:03
00227469820248160000,0022746-98.2024.8.16.0000,Agravo em Recurso Especial,Dívida Ativa (Execução Fiscal) | ICMS/ Imposto sobre Circulação de Mercadorias,11/09/2025,17/06/2026 20:00,Sim,03/06/2026 16:03,Sim,03/06/2026 16:03
00990218820248160000,0099021-88.2024.8.16.0000,Agravo em Recurso Especial,Indenização por Dano Material | Indenização por Dano Moral,04/11/2025,17/06/2026 20:10,Sim,09/06/2026 17:33,Sim,09/06/2026 17:33
00040466720218160004,0004046-67.2021.8.16.0004,Agravo em Recurso Especial,Pagamento Indevido,29/01/2026,17/06/2026 20:10,Sim,10/06/2026 15:23,Sim,10/06/2026 15:23
00360709720208160000,0036070-97.2020.8.16.0000,Recurso Especial,Desconsideração da Personalidade Jurídica,02/07/2021,17/06/2026 20:40,Sim,16/06/2026 14:13,Sim,16/06/2026 14:13
00091387220128160026,0009138-72.2012.8.16.0026,Agravo em Recurso Especial,Rescisão / Resolução,31/08/2021,17/06/2026 20:40,Sim,17/06/2026 14:33,Sim,17/06/2026 14:33
00302316220198160021,0030231-62.2019.8.16.0021,Agravo em Recurso Especial,Roubo Majorado,12/03/2025,17/06/2026 21:00,Sim,24/04/2025 08:54,Sim,02/06/2026 12:47
00150887220148160000,0015088-72.2014.8.16.0000,Recurso Especial,Sistema Financeiro da Habitação | Seguro | Vícios de Construção,11/04/2025,17/06/2026 21:02,Sim,25/05/2026 18:03,Sim,25/05/2026 18:03
00160833620238160173,0016083-36.2023.8.16.0173,Recurso Especial,Limitação de Juros,06/05/2025,17/06/2026 21:12,Sim,01/06/2026 14:03,Sim,01/06/2026 14:03
00098272320228160170,0009827-23.2022.8.16.0170,Agravo em Recurso Especial,"Defeito, nulidade ou anulação | Indenização por Dano Moral",15/01/2026,17/06/2026 21:12,Sim,17/06/2026 14:13,Sim,17/06/2026 14:13
01239075420248160000,0123907-54.2024.8.16.0000,Agravo em Recurso Especial,Vícios de Construção | Ônus da Prova | Assistência Judiciária Gratuita | Obrigação de Fazer / Não Fazer,30/01/2026,17/06/2026 21:40,Sim,27/05/2026 15:33,Sim,27/05/2026 15:33
00572831520238160014,0057283-15.2023.8.16.0014,Agravo em Recurso Especial,Indenização por Dano Material,08/12/2025,17/06/2026 21:50,Sim,29/05/2026 18:03,Sim,29/05/2026 18:03
00008441420208160038,0000844-14.2020.8.16.0038,Agravo em Recurso Especial,Divisão e Demarcação,26/01/2026,17/06/2026 21:51,Sim,27/05/2026 16:03,Sim,27/05/2026 16:03
00246468220258160000,0024646-82.2025.8.16.0000,Agravo em Recurso Especial,"Defeito, nulidade ou anulação",01/04/2026,17/06/2026 21:51,Sim,10/06/2026 16:33,Sim,10/06/2026 16:33
00006796320228160048,0000679-63.2022.8.16.0048,Recurso Ordinário em Mandado de Segurança,Promoção,21/09/2023,17/06/2026 22:00,Sim,15/06/2026 13:53,Sim,15/06/2026 13:53
01187284220248160000,0118728-42.2024.8.16.0000,Agravo em Recurso Especial,Compra e Venda,02/12/2025,17/06/2026 22:30,Sim,25/05/2026 14:03,Sim,25/05/2026 14:03
00040342220248160045,0004034-22.2024.8.16.0045,Agravo em Recurso Especial,Furto Qualificado,02/12/2025,17/06/2026 22:30,Sim,27/05/2026 13:03,Sim,27/05/2026 13:03
00003750920228160034,0000375-09.2022.8.16.0034,Agravo em Recurso Especial,Rescisão do contrato e devolução do dinheiro,10/03/2026,17/06/2026 22:41,Sim,25/05/2026 13:43,Sim,25/05/2026 13:43
00073908020188160030,0007390-80.2018.8.16.0030,Recurso Especial,Indenização Trabalhista,02/09/2020,17/06/2026 22:50,Sim,09/06/2026 13:43,Sim,09/06/2026 13:43
00759015020238160000,0075901-50.2023.8.16.0000,Agravo em Recurso Especial,Confissão/Composição de Dívida,13/08/2024,17/06/2026 22:50,Sim,29/05/2026 16:13,Sim,29/05/2026 16:13
01124635820238160000,0112463-58.2023.8.16.0000,Embargos de Divergência em Agravo em Recurso Especial,Indenização por Dano Moral,14/04/2025,17/06/2026 23:00,Sim,12/06/2026 13:23,Sim,12/06/2026 13:23
00035657320238160024,0003565-73.2023.8.16.0024,Agravo em Recurso Especial,Indenização por Dano Material,04/03/2026,17/06/2026 23:14,Sim,28/05/2026 17:23,Sim,28/05/2026 17:23
00404322120168160021,0040432-21.2016.8.16.0021,Agravo em Recurso Especial,Dívida Ativa (Execução Fiscal),04/03/2026,17/06/2026 23:14,Sim,27/05/2026 13:23,Sim,27/05/2026 13:23
00135758520228160001,0013575-85.2022.8.16.0001,Agravo em Recurso Especial,Indenização por Dano Material,26/03/2026,17/06/2026 23:14,Sim,09/06/2026 20:13,Sim,09/06/2026 20:13
00891053020248160000,0089105-30.2024.8.16.0000,Agravo em Recurso Especial,Classificação e/ou Preterição | Anulação e Correção de Provas / Questões,05/02/2026,17/06/2026 23:32,Sim,28/05/2026 14:53,Sim,28/05/2026 14:53
00056827520248160000,0005682-75.2024.8.16.0000,Agravo em Recurso Especial,Contratos Bancários,27/02/2025,17/06/2026 23:40,Sim,16/06/2026 14:23,Sim,16/06/2026 14:23
00005248320238160126,0000524-83.2023.8.16.0126,Agravo em Recurso Especial,Seguro,04/11/2025,17/06/2026 23:50,Sim,29/05/2026 16:43,Sim,29/05/2026 16:43
00034962720198160074,0003496-27.2019.8.16.0074,Recurso Especial,Espécies de Contratos | Direitos e Títulos de Crédito,17/03/2025,17/06/2026 23:50,Sim,29/05/2026 13:23,Sim,29/05/2026 13:23
00172938820258160000,0017293-88.2025.8.16.0000,Agravo em Recurso Especial,Cédula de Crédito Bancário,04/03/2026,18/06/2026 00:00,Sim,12/06/2026 15:03,Sim,12/06/2026 15:03
00520233320228160000,0052023-33.2022.8.16.0000,Agravo em Recurso Especial,Locação de Imóvel,11/08/2023,18/06/2026 00:10,Sim,16/06/2026 18:13,Sim,16/06/2026 18:13
00021400720158160116,0002140-07.2015.8.16.0116,Agravo em Recurso Especial,Reintegração ou Readmissão,20/02/2026,18/06/2026 00:30,Sim,02/06/2026 16:53,Sim,02/06/2026 16:53
00156129820168160000,0015612-98.2016.8.16.0000,Recurso Especial,Sistema Financeiro da Habitação | Seguro,08/10/2025,18/06/2026 00:50,Sim,15/06/2026 12:16,Sim,15/06/2026 12:16
00001923720228160099,0000192-37.2022.8.16.0099,Agravo em Recurso Especial,Anulação,12/12/2024,18/06/2026 01:00,Sim,25/05/2026 13:13,Sim,25/05/2026 13:13
