﻿numero_processo,numero_formatado,classe,assuntos,data_ajuizamento,data_ultima_atualizacao,tem_transito_julgado,data_transito_julgado,tem_baixa_definitiva,data_baixa_definitiva
00000632520248160014,0000063-25.2024.8.16.0014,Agravo em Recurso Especial,Transporte de Coisas,25/02/2026,26/09/2026 03:30,Sim,25/09/2026 18:23,Sim,25/09/2026 18:23
00002236420218160108,0000223-64.2021.8.16.0108,Agravo em Recurso Especial,Dever de Informação,23/04/2026,26/09/2026 05:50,Sim,25/09/2026 13:43,Sim,25/09/2026 13:43
00004865120238160165,0000486-51.2023.8.16.0165,Agravo em Recurso Especial,"Revisão de Juros Remuneratórios, Capitalização/Anatocismo",01/04/2026,26/09/2026 05:20,Sim,16/09/2026 14:13,Sim,16/09/2026 14:13
00005367920248160056,0000536-79.2024.8.16.0056,Agravo em Recurso Especial,Calúnia,13/02/2026,26/09/2026 05:20,Sim,31/08/2026 08:55,Sim,31/08/2026 08:56
00005582620068160103,0000558-26.2006.8.16.0103,Recurso Especial,Sistema Financeiro da Habitação | Seguro,03/06/2026,26/09/2026 05:40,Sim,18/09/2026 13:13,Sim,18/09/2026 13:13
00008238720168160164,0000823-87.2016.8.16.0164,Agravo em Recurso Especial,Inventário e Partilha,11/06/2026,26/09/2026 05:20,Sim,25/09/2026 16:03,Sim,25/09/2026 16:03
00009630920228160004,0000963-09.2022.8.16.0004,Agravo em Recurso Especial,"Ato Normativo | Defeito, nulidade ou anulação",10/06/2025,26/09/2026 05:00,Sim,17/09/2026 14:33,Sim,17/09/2026 14:33
00016787220238160115,0001678-72.2023.8.16.0115,Agravo em Recurso Especial,Suspensão | Efeito Suspensivo / Impugnação / Embargos à Execução,15/07/2026,26/09/2026 04:00,Sim,25/09/2026 18:33,Sim,25/09/2026 18:33
00022847420258160004,0002284-74.2025.8.16.0004,Agravo em Recurso Especial,"Defeito, nulidade ou anulação | Indenização por Dano Moral | Indenização por Dano Material | Abuso de Poder",03/07/2026,25/09/2026 05:28,Sim,24/09/2026 13:03,Sim,24/09/2026 13:03
00028029120228160126,0002802-91.2022.8.16.0126,Agravo em Recurso Especial,Títulos de Crédito | Embargos de Terceiro,14/11/2025,26/09/2026 05:30,Sim,16/09/2026 16:03,Sim,16/09/2026 16:03
00028096820258160000,0002809-68.2025.8.16.0000,Agravo em Recurso Especial,Tráfico de Drogas e Condutas Afins,20/02/2026,25/09/2026 09:15,Sim,16/09/2026 13:23,Sim,16/09/2026 13:23
00030137120208160038,0003013-71.2020.8.16.0038,Agravo em Recurso Especial,Nota Promissória,30/01/2026,25/09/2026 05:34,Sim,16/09/2026 13:53,Sim,16/09/2026 13:53
00030764820238160117,0003076-48.2023.8.16.0117,Agravo em Recurso Especial,Franquia,27/05/2026,26/09/2026 04:00,Sim,25/09/2026 14:23,Sim,25/09/2026 14:23
00031953220188160069,0003195-32.2018.8.16.0069,Agravo em Recurso Especial,Erro Médico | Erro Médico,13/05/2026,25/09/2026 05:48,Sim,24/09/2026 14:43,Sim,24/09/2026 14:43
00036638820238160014,0003663-88.2023.8.16.0014,Agravo em Recurso Especial,Rescisão do contrato e devolução do dinheiro | Indenização por Dano Material,13/04/2026,26/09/2026 04:10,Sim,25/09/2026 15:23,Sim,25/09/2026 15:23
00041719820228160004,0004171-98.2022.8.16.0004,Agravo em Recurso Especial,Irredutibilidade de Vencimentos,15/12/2025,26/09/2026 03:40,Sim,25/09/2026 18:23,Sim,25/09/2026 18:23
00043173820188160083,0004317-38.2018.8.16.0083,Agravo em Recurso Especial,Erro Médico,20/01/2026,25/09/2026 09:15,Sim,16/09/2026 13:53,Sim,16/09/2026 13:53
00049440220158160001,0004944-02.2015.8.16.0001,Recurso Especial,Alienação Fiduciária,17/04/2026,26/09/2026 05:40,Sim,25/09/2026 13:23,Sim,25/09/2026 13:23
00052981320248160033,0005298-13.2024.8.16.0033,Agravo em Recurso Especial,Superendividamento,10/03/2026,25/09/2026 09:15,Sim,16/09/2026 13:43,Sim,16/09/2026 13:43
00056236620168160130,0005623-66.2016.8.16.0130,Agravo em Recurso Especial,Inventário e Partilha,16/06/2026,25/09/2026 05:43,Sim,24/09/2026 16:33,Sim,24/09/2026 16:33
00056301420238160130,0005630-14.2023.8.16.0130,Agravo em Recurso Especial,Confissão/Composição de Dívida | Efeito Suspensivo / Impugnação / Embargos à Execução,28/01/2026,26/09/2026 04:00,Sim,25/09/2026 17:13,Sim,25/09/2026 17:13
00057846520178160090,0005784-65.2017.8.16.0090,Agravo em Recurso Especial,Erro Médico | Erro Médico,06/04/2026,26/09/2026 05:40,Sim,16/09/2026 14:33,Sim,16/09/2026 14:33
00058013420048160001,0005801-34.2004.8.16.0001,Agravo em Recurso Especial,Fiança,06/03/2026,26/09/2026 05:50,Sim,25/09/2026 15:53,Sim,25/09/2026 15:53
00083914120228160069,0008391-41.2022.8.16.0069,Embargos de Divergência em Recurso Especial,Alienação Fiduciária,18/07/2024,25/09/2026 05:28,Sim,24/09/2026 13:33,Sim,24/09/2026 13:33
00098964020258160044,0009896-40.2025.8.16.0044,Agravo em Recurso Especial,Associação para a Produção e Tráfico e Condutas Afins,11/05/2026,25/09/2026 05:19,Sim,15/09/2026 15:03,Sim,15/09/2026 15:03
00099719020128160026,0009971-90.2012.8.16.0026,Agravo em Recurso Especial,Rescisão / Resolução,25/08/2025,26/09/2026 03:30,Sim,25/09/2026 18:33,Sim,25/09/2026 18:33
00101545420218160185,0010154-54.2021.8.16.0185,Agravo em Recurso Especial,Dívida Ativa (Execução Fiscal),27/03/2026,25/09/2026 05:20,Sim,16/09/2026 14:03,Sim,16/09/2026 14:03
00112220220248160131,0011222-02.2024.8.16.0131,Agravo em Recurso Especial,Tráfico de Drogas e Condutas Afins,11/08/2026,26/09/2026 05:30,Sim,23/09/2026 13:23,Sim,23/09/2026 13:23
00112625120248160044,0011262-51.2024.8.16.0044,Agravo em Recurso Especial,"Associação para a Produção e Tráfico e Condutas Afins | Promoção, constituição, financiamento ou integração de Organização Criminosa | Crimes de &quot;Lavagem&quot; ou Ocultação de Bens, Direitos ou Valores",10/07/2026,25/09/2026 09:15,Sim,15/09/2026 16:53,Sim,15/09/2026 16:53
00117640820238160017,0011764-08.2023.8.16.0017,Recurso Especial,Prestação de Serviços,27/11/2025,26/09/2026 05:40,Sim,16/09/2026 15:43,Sim,16/09/2026 15:43
00128218020218160001,0012821-80.2021.8.16.0001,Agravo em Recurso Especial,Locação de Imóvel | Obrigação de Fazer / Não Fazer | Indenização por Dano Material | Cobrança de Aluguéis - Sem despejo,05/03/2026,26/09/2026 03:50,Sim,25/09/2026 17:43,Sim,25/09/2026 17:43
00139922220148160000,0013992-22.2014.8.16.0000,Recurso Especial,Compromisso,24/04/2025,25/09/2026 09:15,Sim,15/09/2026 17:43,Sim,15/09/2026 17:43
00144557520258160000,0014455-75.2025.8.16.0000,Agravo em Recurso Especial,Indenização por Dano Material,25/05/2026,25/09/2026 09:15,Sim,15/09/2026 17:53,Sim,15/09/2026 17:53
00152146620258160185,0015214-66.2025.8.16.0185,Agravo em Recurso Especial,Dívida Ativa (Execução Fiscal),07/05/2026,26/09/2026 04:10,Sim,17/09/2026 13:33,Sim,17/09/2026 13:33
00158299720238160000,0015829-97.2023.8.16.0000,Embargos de Divergência em Agravo em Recurso Especial,Prestação de Serviços,09/10/2024,26/09/2026 04:00,Sim,25/09/2026 16:33,Sim,25/09/2026 16:33
00162003320258160019,0016200-33.2025.8.16.0019,Agravo em Recurso Especial,Homicídio Qualificado,22/06/2026,26/09/2026 04:10,Sim,16/09/2026 15:23,Sim,16/09/2026 15:23
00171656820258160000,0017165-68.2025.8.16.0000,Agravo em Recurso Especial,Cédula de Crédito Bancário,17/06/2026,25/09/2026 09:15,Sim,15/09/2026 17:24,Sim,15/09/2026 17:24
00173224120258160000,0017322-41.2025.8.16.0000,Agravo em Recurso Especial,Alienação Fiduciária,21/07/2026,25/09/2026 05:01,Sim,15/09/2026 13:33,Sim,15/09/2026 13:33
00180637420088160001,0018063-74.2008.8.16.0001,Agravo em Recurso Especial,Erro Médico,29/06/2026,25/09/2026 09:15,Sim,15/09/2026 14:03,Sim,15/09/2026 14:03
00191585920158160013,0019158-59.2015.8.16.0013,Recurso Especial,Corrupção passiva | Crimes contra a Ordem Tributária,31/03/2024,26/09/2026 04:10,Sim,24/09/2026 18:41,Sim,09/03/2026 09:29
00202616620238160031,0020261-66.2023.8.16.0031,Agravo em Recurso Especial,Compromisso,11/05/2026,25/09/2026 09:15,Sim,14/09/2026 13:09,Sim,14/09/2026 13:09
00206058420228160030,0020605-84.2022.8.16.0030,Agravo em Recurso Especial,Receptação Qualificada,26/06/2026,26/09/2026 03:40,Sim,22/09/2026 16:35,Sim,22/09/2026 16:35
00245263920258160000,0024526-39.2025.8.16.0000,Agravo em Recurso Especial,Aquisição | Indenização por Dano Moral | Indenização por Dano Material,22/04/2026,26/09/2026 05:40,Sim,17/09/2026 14:03,Sim,17/09/2026 14:03
00247426820198160013,0024742-68.2019.8.16.0013,Agravo em Recurso Especial,Peculato | Aplicação da Pena | Nulidade | Prevaricação | Concussão,03/06/2026,25/09/2026 09:15,Sim,22/09/2026 14:33,Sim,22/09/2026 14:33
00259222820248160019,0025922-28.2024.8.16.0019,Agravo em Recurso Especial,Adulteração de Sinal Identificador de Veículo Automotor,07/05/2026,26/09/2026 05:50,Sim,25/09/2026 17:34,Sim,25/09/2026 17:34
00277424220248160000,0027742-42.2024.8.16.0000,Agravo em Recurso Especial,Práticas Abusivas | Limitação de Juros,13/05/2026,25/09/2026 09:15,Sim,24/09/2026 15:53,Sim,24/09/2026 15:53
00327401920258160000,0032740-19.2025.8.16.0000,Agravo em Recurso Especial,Espécies de Títulos de Crédito | Sucumbenciais,06/03/2026,26/09/2026 03:40,Sim,17/09/2026 14:23,Sim,17/09/2026 14:23
00332621420238160001,0033262-14.2023.8.16.0001,Recurso Especial,Indenização por Dano Moral,07/05/2026,25/09/2026 09:15,Sim,24/09/2026 17:43,Sim,24/09/2026 17:43
00335287920158160001,0033528-79.2015.8.16.0001,Agravo em Recurso Especial,Direitos / Deveres do Condômino,03/07/2026,25/09/2026 09:15,Sim,15/09/2026 16:13,Sim,15/09/2026 16:13
00410891120258160000,0041089-11.2025.8.16.0000,Agravo em Recurso Especial,Desconsideração da Personalidade Jurídica,10/06/2026,25/09/2026 05:19,Sim,24/09/2026 14:53,Sim,24/09/2026 14:53
00476459220268160000,0047645-92.2026.8.16.0000,Recurso Ordinário em Habeas Corpus,"Associação para a Produção e Tráfico e Condutas Afins | Prisão Preventiva | Promoção, constituição, financiamento ou integração de Organização Criminosa",22/06/2026,26/09/2026 03:30,Sim,22/09/2026 15:53,Sim,22/09/2026 15:53
00522678820248160000,0052267-88.2024.8.16.0000,Agravo em Recurso Especial,Processo Administrativo Disciplinar ou Sindicância,24/03/2026,26/09/2026 04:00,Sim,25/09/2026 16:23,Sim,25/09/2026 16:23
00536426120238160000,0053642-61.2023.8.16.0000,Agravo em Recurso Especial,Improbidade Administrativa | Multas e demais Sanções | Dano ao Erário | Violação dos Princípios Administrativos | Cumprimento Provisório de Sentença | Penhora / Depósito/ Avaliação | Ônus da Prova,27/01/2026,26/09/2026 05:50,Sim,18/09/2026 13:33,Sim,18/09/2026 13:33
00550704420248160000,0055070-44.2024.8.16.0000,Agravo em Recurso Especial,Dívida Ativa (Execução Fiscal) | ICMS/ Imposto sobre Circulação de Mercadorias,27/02/2026,26/09/2026 05:30,Sim,16/09/2026 15:43,Sim,16/09/2026 15:43
00595150820248160000,0059515-08.2024.8.16.0000,Recurso Especial,Direitos e Títulos de Crédito,10/12/2025,26/09/2026 05:40,Sim,18/09/2026 14:23,Sim,18/09/2026 14:23
00606752620248160014,0060675-26.2024.8.16.0014,Agravo em Recurso Especial,Indenização por Dano Moral,14/05/2026,26/09/2026 03:40,Sim,16/09/2026 14:23,Sim,16/09/2026 14:23
00726724820248160000,0072672-48.2024.8.16.0000,Agravo em Recurso Especial,Dano ao Erário,16/12/2025,26/09/2026 05:30,Sim,25/09/2026 15:53,Sim,25/09/2026 15:53
00751976620258160000,0075197-66.2025.8.16.0000,Agravo em Recurso Especial,Direito de Vizinhança,15/06/2026,25/09/2026 09:15,Sim,24/09/2026 16:53,Sim,24/09/2026 16:53
00789352020258160014,0078935-20.2025.8.16.0014,Agravo em Recurso Especial,Tráfico de Drogas e Condutas Afins,10/08/2026,26/09/2026 05:40,Sim,22/09/2026 14:03,Sim,22/09/2026 14:03
00897208320258160000,0089720-83.2025.8.16.0000,Recurso Ordinário em Habeas Corpus,Crimes do Sistema Nacional de Armas,09/12/2025,26/09/2026 05:40,Sim,25/09/2026 17:13,Sim,25/09/2026 17:13
00917032020258160000,0091703-20.2025.8.16.0000,Agravo em Recurso Especial,Promessa de Compra e Venda,02/07/2026,25/09/2026 04:59,Sim,24/09/2026 15:13,Sim,24/09/2026 15:13
01054735120238160000,0105473-51.2023.8.16.0000,Agravo em Recurso Especial,Esbulho / Turbação / Ameaça | Perdas e Danos,09/05/2025,25/09/2026 09:15,Sim,24/09/2026 14:43,Sim,24/09/2026 14:43
01199946420248160000,0119994-64.2024.8.16.0000,Agravo em Recurso Especial,IPTU/ Imposto Predial e Territorial Urbano,18/03/2026,26/09/2026 04:10,Sim,16/09/2026 14:23,Sim,16/09/2026 14:23
01211802520248160000,0121180-25.2024.8.16.0000,Agravo em Recurso Especial,Dívida Ativa (Execução Fiscal),02/06/2026,25/09/2026 05:20,Sim,24/09/2026 14:23,Sim,24/09/2026 14:23
01222568420248160000,0122256-84.2024.8.16.0000,Agravo em Recurso Especial,Enriquecimento ilícito | Dano ao Erário | Violação dos Princípios Administrativos,13/10/2025,26/09/2026 05:00,Sim,16/09/2026 14:43,Sim,16/09/2026 14:43
01271613520248160000,0127161-35.2024.8.16.0000,Agravo em Recurso Especial,PASEP,14/08/2026,25/09/2026 09:15,Sim,24/09/2026 16:43,Sim,24/09/2026 16:43
01291446920248160000,0129144-69.2024.8.16.0000,Agravo em Recurso Especial,Despesas Condominiais | Penhora / Depósito/ Avaliação | Prestação de Serviços,17/03/2026,26/09/2026 05:10,Sim,25/09/2026 18:03,Sim,25/09/2026 18:03
